project,reward_year,event_date,ecosystems,rules_summary,payout_summary,payout_evidence_level,scope_status,current_operation_check,agent_lesson,unknowns,source_urls
Uniswap,2020,,,"Історичним користувачам v1/v2 перед snapshot 01.09.2020 пропонувалося 400 UNI; враховувалися навіть деякі невдалі транзакції. Для LP діяла інша формула, пов’язана з ліквідністю та часом.",Опубліковано аналіз claims; незалежний запит ще не відтворено.,published_claim_analysis,historical_candidate_current_operation_not_verified,historical_product_evidence,Моделювати окремі категорії участі й дату snapshot. Успішність транзакції та право на винагороду — різні поля.,Точні виплати та кількість адрес потребують окремого аудиту.; Фактичні витрати та чистий результат учасників невідомі.; Поточна працездатність не перевірена живою транзакцією.,https://blog.uniswap.org/uni | https://www.sec.gov/files/dragonflys-state-airdrops-report-2025.pdf | https://blog.uniswap.org/uniswap-history
Arbitrum,2023,,,"Правила включали міст, різні місяці активності, кількість транзакцій/контрактів, обсяги й окремі умови Nova. Snapshot — 06.02.2023; claim завершився 24.09.2023.",Опубліковано аналіз claims; незалежний запит ще не відтворено.,published_claim_analysis,historical_candidate_current_operation_not_verified,historical_product_evidence,"Календар активності, окремі перевірювані умови та завершення кампанії. Не переносити історичні обсяги на нові мережі.",Точні виплати та кількість адрес потребують окремого аудиту.; Фактичні витрати та чистий результат учасників невідомі.; Поточна працездатність не перевірена живою транзакцією.,https://docs.arbitrum.foundation/airdrop-eligibility-distribution | https://www.sec.gov/files/dragonflys-state-airdrops-report-2025.pdf | https://blog.arbitrum.io/arbitrum-stylus-mainnet/
Celestia,2023,,Cosmos,"Genesis Drop охоплював внески у відкритий код і дослідження, активність користувачів rollup, стейкерів Cosmos/Osmosis та IBC relayer. У різних категорій були різні вимоги.",Підсумок фактичних виплат у зібраному досьє ще не підтверджений.,allocation_or_rules_only,historical_candidate_current_operation_not_verified,historical_product_evidence,"Не зводити план до транзакцій. Враховувати внески розробника, ролі учасника та попередню діяльність в екосистемах.",Точні виплати та кількість адрес потребують окремого аудиту.; Фактичні витрати та чистий результат учасників невідомі.; Поточна працездатність не перевірена живою транзакцією.,https://blog.celestia.org/genesis-drop/ | https://blog.celestia.org/celestia-mainnet-is-live/
Starknet,2024,,,"Для категорії ранніх користувачів: понад 5 транзакцій, активність щонайменше 3 місяці, обсяг від $100 і баланс від 0.005 ETH на 15.11.2023. Інші категорії мали власні умови.",Підсумок фактичних виплат у зібраному досьє ще не підтверджений.,allocation_or_rules_only,historical_candidate_current_operation_not_verified,historical_product_evidence,"Зберігати логіку «усі умови одночасно», дату вимірювання балансу й конкретну категорію; кількість завдань сама по собі нічого не доводить.",Точні виплати та кількість адрес потребують окремого аудиту.; Фактичні витрати та чистий результат учасників невідомі.; Поточна працездатність не перевірена живою транзакцією.,https://www.starknet.io/blog/starknet-provisions-program/
ZKsync,2024,,,"Відбір і розрахунок алокації були окремими етапами. Розрахунок враховував активи в мережі та тривалість їх перебування, доповнювався множниками; snapshot — 24.03.2024.",Підсумок фактичних виплат у зібраному досьє ще не підтверджений.,allocation_or_rules_only,historical_candidate_current_operation_not_verified,historical_product_evidence,"Розділяти eligibility та allocation, враховувати час і капітал. Більше транзакцій не означає пропорційно більшу нагороду.",Точні виплати та кількість адрес потребують окремого аудиту.; Фактичні витрати та чистий результат учасників невідомі.; Поточна працездатність не перевірена живою транзакцією.,https://www.zknation.io/blog/zk-token
Sui,2023,,,Оголошення Community Access Program від 06.12.2022 описувало можливість придбати токени на ранньому етапі. Саме це оголошення не доводить безкоштовну роздачу за тестнет.,Підсумок фактичних виплат у зібраному досьє ще не підтверджений.,sale_not_reward,sale_comparison_excluded_target,historical_product_evidence,"Розрізняти винагороду, доступ до продажу, грант і непідтверджене очікування. Не записувати всі кампанії як «airdrop підтверджено».",Точні виплати та кількість адрес потребують окремого аудиту.; Фактичні витрати та чистий результат учасників невідомі.; Поточна працездатність не перевірена живою транзакцією.,https://www.sui.io/blog/sui-token-community-access-program | https://www.sui.io/token-schedule
Aptos,2022,,,Офіційний підсумок 2022 підтверджує отримання APT учасниками Testnet NFT через Launch Community Airdrop. Токеноміка community pool не є формулою цього airdrop.,"Aptos офіційно підтверджує, що одержувачі Testnet NFT отримали APT; точна кількість і сума тут не перевірені.",issuer_reported_distribution,historical_candidate_current_operation_not_verified,historical_product_evidence,Не перетворювати відсоток community у whitepaper на обіцянку винагороди. Потрібен окремий документ конкретної кампанії.,Точні виплати та кількість адрес потребують окремого аудиту.; Фактичні витрати та чистий результат учасників невідомі.; Поточна працездатність не перевірена живою транзакцією.,https://aptosnetwork.com/currents/aptos-tokenomics-overview | https://aptosnetwork.com/currents/aptos-eoy-community-update-2022
Jito,2023,,,"100 млн JTO виділено трьом групам: користувачам JitoSOL, валідаторам та MEV-учасникам. Виділено — не тотожне фактично отриманому.",Підсумок фактичних виплат у зібраному досьє ще не підтверджений.,allocation_or_rules_only,historical_candidate_current_operation_not_verified,historical_product_evidence,"Визначати роль учасника, поріг, snapshot і vesting окремо; не радити всім однаковий набір транзакцій.",Точні виплати та кількість адрес потребують окремого аудиту.; Фактичні витрати та чистий результат учасників невідомі.; Поточна працездатність не перевірена живою транзакцією.,https://www.jito.network/blog/jto-airdrop-eligibility-and-allocation-specifications/
Pyth,2023,,,"Відбір DeFi-користувачів залежав від мережі та активності; ролі Discord, NFT й амбасадорські внески оцінювалися окремо.","За повідомленням Pyth, станом на 04.12.2023 отримано понад 60% загального ретродропу; незалежного підрахунку тут немає.",issuer_reported_claims,historical_candidate_current_operation_not_verified,historical_product_evidence,"Зберігати пороги за мережею та роллю. Розрізняти гаманець, комбінацію адреса–мережа й людину.",Точні виплати та кількість адрес потребують окремого аудиту.; Фактичні витрати та чистий результат учасників невідомі.; Поточна працездатність не перевірена живою транзакцією.,https://www.pyth.network/blog/pyth-network-retrospective-airdrop-eligibility-and-distribution-specifications | https://www.pyth.network/blog/expanding-the-pyth-community-strategic-capital-and-new-builders
Wormhole,2024,,,Після перевірок відбору заявлено понад 400 тис. eligible wallets та алокацію 678 823 000 W; це не лічильник фактичних claims.,Підсумок фактичних виплат у зібраному досьє ще не підтверджений.,allocation_or_rules_only,historical_candidate_current_operation_not_verified,historical_product_evidence,"Оцінювати регулярність, час і спосіб використання; не прирівнювати кількість адрес до кількості людей.",Точні виплати та кількість адрес потребують окремого аудиту.; Фактичні витрати та чистий результат учасників невідомі.; Поточна працездатність не перевірена живою транзакцією.,https://wormhole.com/blog/from-eligibility-to-sybil-detection-a-deep-dive-into-wormholes-multichain
EigenLayer,2024,,,Season 1 передбачав приблизно 113 млн EIGEN; прямий рестейкінг і складні LRT-позиції розподілялися за різними фазами.,"Фонд повідомив, що понад 88% отриманих у Phase 1 токенів були застейкані й делеговані; це не частка всього airdrop, яку отримано.",published_claim_analysis,historical_candidate_current_operation_not_verified,historical_product_evidence,"Враховувати шлях депозиту, фазу й посередника LRT. Дата та версія умов важливі для перевірки eligibility.",Точні виплати та кількість адрес потребують окремого аудиту.; Фактичні витрати та чистий результат учасників невідомі.; Поточна працездатність не перевірена живою транзакцією.,https://blog.eigenfoundation.org/claims-s1-p1/ | https://blog.eigenfoundation.org/claims-s1-p2/ | https://www.sec.gov/files/dragonflys-state-airdrops-report-2025.pdf
ENS,2021,,,"25 млн ENS виділили колишнім реєстрантам доменів .eth до snapshot 31.10.2021. У підсумку DAO повідомляє приблизно 19,6 млн отриманих ENS і 103 тис. адрес.","DAO повідомляє округлено 19,6 млн ENS, отриманих 103 тис. адрес за вікно 08.11.2021–04.05.2022. Точний onchain-підрахунок не відтворено.",issuer_reported_claims,historical_candidate_current_operation_not_verified,historical_product_evidence,"Відрізняти право на claim від отримання. Зберігати тривалість користування, множники та строк claim. Нову покупку домену не подавати як умову історичного дропу.",Точні виплати та кількість адрес потребують окремого аудиту.; Фактичні витрати та чистий результат учасників невідомі.; Поточна працездатність не перевірена живою транзакцією.,https://basics.ensdao.org/ens-token | https://docs.ens.domains/dao/token/ | https://docs.ens.domains/ensip/2/
Optimism,2022,,,"Airdrop 1 поєднував використання OP Mainnet, повторні тижні активності, DAO, multisig, Gitcoin і активність Ethereum. Власний підрахунок офіційного CSV: 248 699 унікальних адрес, близько 214,748 млн OP алокації.","За офіційними правилами, 15.09.2023 залишок доставили безпосередньо eligible-адресам. Це не означає, що всі самі викликали claim.",issuer_reported_distribution,historical_candidate_current_operation_not_verified,historical_product_evidence,"Підтримати кілька незалежних критеріїв та їх перетини. Рахувати активні тижні за правилами кампанії, а не кількість натискань. Не змішувати eligible, claim і пряму доставку.",Точні виплати та кількість адрес потребують окремого аудиту.; Фактичні витрати та чистий результат учасників невідомі.; Поточна працездатність не перевірена живою транзакцією.,https://raw.githubusercontent.com/ethereum-optimism/community-hub/main/pages/op-token/airdrops/airdrop-1.mdx | https://raw.githubusercontent.com/ethereum-optimism/op-analytics/main/reference_data/address_lists/op_airdrop1_addresses_detailed_list.csv
dYdX,2021,,,Для ретронагород виділили 75 млн DYDX. У підсумку Epoch 0 фонд повідомив: 50 309 197 зароблено й доступно до claim для 30 292 користувачів; 24 690 803 не зароблено та передано скарбниці.,"50 309 197 DYDX для 30 292 користувачів — зароблене право на claim за звітом 03.09.2021, а не підтвердження вже отриманих токенів.",earned_not_claimed,historical_candidate_current_operation_not_verified,historical_product_evidence,"Зберігати окремо snapshot, право участі, додатковий milestone і крайній строк. Наявність попередньої активності не означає автоматичну виплату. Не рекомендувати штучний торговий обсяг.",Точні виплати та кількість адрес потребують окремого аудиту.; Фактичні витрати та чистий результат учасників невідомі.; Поточна працездатність не перевірена живою транзакцією.,https://www.dydx.foundation/blog/introducing-dydx-token | https://www.dydx.foundation/blog/epoch-0
1inch,2021,,,"Повторна хвиля охоплювала пропущених користувачів Mooniswap, relayer-гаманців, limit orders і LP; окремо залучали користувачів Uniswap.",Фонд повідомив про розподіл окремим групам. Незалежний підрахунок транзакцій і кількості одержувачів не виконано.,issuer_reported_distribution,historical_candidate_current_operation_not_verified,historical_product_evidence,"Зберігати логіку «І/АБО», роль посередника та версію кампанії. Кілька хвиль одного проєкту не рахувати як різні проєкти.",Точні виплати та кількість адрес потребують окремого аудиту.; Фактичні витрати та чистий результат учасників невідомі.; Поточна працездатність не перевірена живою транзакцією.,https://1inch.com/blog/post/1inch-foundation-distributes-more-1inch-tokens
Monad,2025,2025-11-24,Monad,"П’ять напрямів: внесок у спільноту; активні onchain-користувачі; криптоспільноти; розробники Monad; публічні блага й освіта. Враховано довготривалий внесок, ручний перегляд і рекомендації спільноти. Вікно claim: 14.10–03.11.2025.","Фонд повідомив про 3,33 млрд MON claims. CSV містить 76 021 унікальну адресу і точно 3 330 583 396 MON; медіана 12 000 MON. Звіт описує escrow 09.11 і видачу при mainnet 24.11; Dune опублікував підсумок після запуску.",issuer_reported_claims,historical_candidate_current_operation_not_verified,historical_product_evidence,"Тестнет-транзакції не дорівнюють гарантованій алокації. Вчити класифікацію внесків, об’єднання субкатегорій і різницю між escrow та доступними коштами.",Не відтворено всі перекази escrow → одержувач.; Не пораховано витрати або прибуток кожного учасника.,https://monad.xyz/blog/the-mon-airdrop-results | https://docs.monad.xyz/ | https://dune.com/blog/dune-digest-037 | https://raw.githubusercontent.com/monad-crypto/airdrop-addresses/main/monad_airdrop_results.csv
Arkham,2023,,Ethereum,Початкова роздача 2023: ранні користувачі конвертували points через Invite Dashboard; початкове вікно закривалося 16.07 о 19:00 UTC. Біржова програма 2024–2025 — окремий сезон з іншими умовами.,Офіційний канал підтвердив відкриття видачі ARKM. Окремо 18.04.2025 Arkham повідомив про понад $20 млн винагород у біржовому Season 1. Це не сума початкової роздачі 2023.,issuer_reported_distribution,historical_candidate_current_operation_not_verified,historical_product_evidence,Не переносити умови або результати біржового сезону на початковий реферальний airdrop. Один проєкт може мати кілька різних механік.,Точна формула початкових points і сума claims 2023 ще не відтворені.; Методика доларової оцінки Season 1 не наведена.,https://t.me/s/arkhamintelligence?before=89 | https://info.arkm.com/announcements/arkham-exchange-updates-2
Plasma,2025,2025-09-25,Plasma,"Офіційно анонсовано бонус 25 млн XPL для малих депозитаріїв, які пройшли Sonar-перевірку та взяли участь у продажу. Окремо продано 10% supply; 2,5 млн XPL зарезервовано для Stablecoin Collective.","Анонс визначає дату 25.09.2025. Yield Network повідомляє про виконані розподіли після запуску, але повний набір підтвердних транзакцій у статті не надано. Тому його цифри не прийнято за незалежно перевірені.",published_distribution_analysis,historical_candidate_current_operation_not_verified,historical_product_evidence,"Зберігати продаж, бонус і резерв спільноти окремо. Депозит, KYC, блокування та нові кошти для купівлі — різні вимоги.",Первинне підтвердження всіх бонусних переказів.; Повна формула добору менших депозитаріїв.; Незалежна перевірка чисел вторинного аналізу.,https://www.plasma.org/company/blog/plasma-mainnet-beta-and-xpl | https://www.yieldnetwork.io/blog/plasma-predeposit
Somnia,2025,2025-09-02,Somnia,"Квести й тестнет, контент і внески спільноти; окремі категорії SomniYaps, Quills і Discord. Для основної групи: 20% одразу, 80% через вісім щотижневих частин по 10%; приблизно 90 днів на виконання. В Odyssey обов’язкові місії потребували gas, платні bonus-місії були добровільні.",Підтверджено mainnet 02.09.2025 та офіційну післязапускову інструкцію розблокування. Фінальний обсяг отриманих SOMI і кількість одержувачів ще не перевірені; початкові 5% supply — алокація.,live_claim_program,historical_candidate_current_operation_not_verified,historical_product_evidence,Агент має вести післязапусковий календар. Не трактувати 60 днів як автоматичне отримання 100% без виконання умов.,Підсумок claims і повернених невитребуваних токенів.; Реальні витрати учасників.,https://blog.somnia.network/p/say-hi-to-somi | https://blog.somnia.network/p/the-somnia-odyssey-a-60-day-adventure | https://www.improbable.io/news/improbable-developed-somnia-launches-mainnet-after-record-breaking-testnet-performance
Osmosis,2021,,Cosmos,"Snapshot ATOM 18.02.2021; алокація пропорційна квадратному кореню балансу, зі спеціальним множником 2,5 для стейкінгу. 20% у genesis; по 20% за swap, LP, staking і governance. Початкове повне вікно — два місяці, далі чотири місяці спадання.","Документація фіксує початковий випуск 100 млн OSMO, половина — fairdrop. Повний список отриманих після виконання завдань сум у цій перевірці ще не відтворено.",genesis_distribution_documented,historical_candidate_current_operation_not_verified,historical_product_evidence,"Баланс, stake-множник, завдання після запуску та зменшення claimable — окремі змінні.",Точний остаточний claim і сума clawback.; Витрати на LP та транзакції.,https://osmosis.gitbook.io/o/osmo/genesis-supply | https://osmosis.gitbook.io/o/osmo/airdrop-claim | https://osmosis.gitbook.io/o/osmo/token-distribution
Juno,2021,2021-10-01,Cosmos,Stakedrop ATOM-стейкерам; офіційний вступ описує 47% genesis supply і співвідношення 1:1. Детальні caps та exclusions ще потребують окремої перевірки.,Офіційна документація підтверджує запуск 01.10.2021 і входження всіх початкових JUNO в обіг через genesis. Незалежний перерахунок відповідних балансів не виконано.,genesis_distribution_documented,historical_candidate_current_operation_not_verified,historical_product_evidence,"Не трактувати короткий опис 1:1 як повну формулу без caps, винятків і правил агрегування адрес.","Повні snapshot, caps та exclusions.; Незалежна перевірка початкових одержувачів.",https://docs.junonetwork.io/
Stride,2022,,Cosmos,Для host-chain роздач — стейкінг на snapshot; нижня межа $100 і cap $50 000 за ціною snapshot. Зазвичай виключені біржові валідатори. Початкове вікно claim три місяці; невитребувана частина перерозподілялася початковим одержувачам.,"Офіційний оновлений звіт станом на 07.09.2023 повідомляє про мільйони STRD, отримані десятками тисяч адрес. Точних значень у цьому тексті немає.",issuer_reported_claims,historical_candidate_current_operation_not_verified,historical_product_evidence,"Невитребувані токени можуть перерозподілятися, а не повертатися казначейству. Правила stTIA 2024 з відкладеним claim не змішувати з genesis-програмою.",Точні суми за кожною мережею й snapshot.; Чисті результати після витрат.,https://stride.zone/blog/stride-airdrop-details | https://stride.zone/blog/airdrop-to-sttia-holders
Neutron,2023,,Cosmos,"Початкові правила: понад 1 ATOM на блоці 12 900 000 (19.11.2022), окремий пул учасникам голосування за proposal 72; виключення CEX/custodians.","Поточні офіційні tokenomics описують 7% supply як роздані ATOM-стейкерам та іншим учасникам. 70 млн — опублікована категорія; точний user-claim не прирівняний до неї, бо частина залишилась невитребуваною.",issuer_reported_distribution,historical_candidate_current_operation_not_verified,historical_product_evidence,Умови стейкінгу й голосування мають власні пули. Загальна airdrop-категорія tokenomics не дорівнює user-claim.,Відтворення claims та переказу залишку спільноті.; Повна формула кожного пулу.,https://docs.neutron.org/concepts/tokenomics | https://forum.cosmos.network/t/proposal-792-accepted-launch-neutron-on-replicated-security/10230/90
Stargaze,2022,,Cosmos,"Snapshot 11.10.2021; ATOM-stake від 5, OSMO-stake від 50, LP та окремі validator-категорії. Опубліковано 2 453 STARS за кожну відповідну роль; ролі могли підсумовуватися. CEX-делегації виключені. Для claim потрібні дії у продукті.","Пропозиція запуску airdrop пройшла у січні 2022; це доказ активації програми, але не перерахунок усіх виплат.",live_claim_program,historical_candidate_current_operation_not_verified,historical_product_evidence,Рольові винагороди можуть сумуватися. Перевіряти версії строків decay: governance могла змінити первинний план.,Остаточні правила після governance-змін.; Фактична сума й адреси claims.,https://paragraph.com/@stargazezone/stars-token-distribution-and-airdrop | https://stargaze.valopers.com/proposals/4
Avail,2024,,Polygon; Ethereum rollups; Cosmos,"Unification Drop: developers, тестнет Clash of Nodes, rollup users, Polygon PoS stakers, внески спільноти. Snapshot для стейкерів/rollup users — 31.03.2024. Phase 1 до 04.05; Phase 2 продовжена до 15.05.2024 16:00 UTC.","Звіт за 2024 підтверджує mainnet, запуск токена й Unification Drop; Polygon позначає кампанію завершеною. 600 млн AVAIL і 354 605 eligible-адрес — початковий план, не перевірений фінальний payout.",completed_program_reported,historical_candidate_current_operation_not_verified,historical_product_evidence,Перевірка права до mainnet і отримання токенів під час mainnet — різні події. Зберігати продовження дедлайнів.,Точний фактичний розподіл і exclusions за кожною фазою.,https://blog.availproject.org/avails-unification-drop/ | https://blog.availproject.org/avail-2024-wrapped/ | https://staking.polygon.technology/community-drops
Saga,2024,,Cosmos; Polygon; Celestia; Avalanche,"ATOM: збільшення stake 20.04–20.10.2023 ТА понад 25 ATOM 20.10. TIA: понад 23 станом на 01.12.2023. Polygon: понад 300 MATIC на 20.10.2023 АБО міст zkEVM понад 0,4 ETH. Окремі loyalty-бонуси та developer/game-когорти.",Polygon Staking позначає Genesis-кампанію завершеною. Фінальний onchain-підрахунок поки відсутній.,completed_program_reported,historical_candidate_current_operation_not_verified,historical_product_evidence,"Критична різниця AND/OR і строгих > порогів. Один проєкт, кілька екосистем; не рахувати чотири проєкти.",Фінальні claims.; Поточний статус мережі після організаційних змін 2026 потребує окремої перевірки.,https://medium.com/sagaxyz/saga-community-genesis-airdrop-e0f94c1f2220 | https://staking.polygon.technology/community-drops
Dymension,2024,,Cosmos; Ethereum; Solana,"Genesis Rolldrop: опублікована алокація 70 млн DYM, реєстрація до 21.01.2024 12:00 UTC, невитребувану частину мали перерозподілити. Публічний репозиторій містить механізм genesis allocations.",Збережено офіційний репозиторій; фактичне застосування всіх алокацій у фінальному genesis ще не перераховано.,allocation_or_rules_only,historical_candidate_current_operation_not_verified,historical_product_evidence,Публічний генератор genesis і фактичний genesis мережі — різні докази.,Перевірка повної eligibility-формули.; Підсумковий genesis та отримані баланси.,https://medium.com/@dymension/genesis-rolldrop-the-first-rolldrop-season-219c8b5ea16e | https://github.com/dymensionxyz/rolldrop-genesis
Stellar,2019,,Stellar,Keybase Space Drop: автентифіковані акаунти; планувалося до 2 млрд XLM протягом 20 місяців.,Збережено анонс SDF. Повний план не прирівняно до виконаних виплат; підсумок і дострокове завершення ще потребують первинного підтвердження.,allocation_or_rules_only,historical_candidate_current_operation_not_verified,historical_product_evidence,Навіть план з місячними виплатами може завершитися раніше; навчальний label має спиратися на виконаний результат.,Фінальна сума виплат і дата завершення програми.,https://stellar.org/blog/foundation-news/keybase-stellar-lumens-spacedrop
Jupiter,2024,,Solana,"Початковий відбір: користування Jupiter до 02.11.2023; підтримувалися інтеграції з підписаними користувачем транзакціями. У 2025 додано окремі когорти користувачів, стейкерів і Carrots та суворіші фільтри.","Офіційний аудит лютого 2025 фіксує повернення 215 461 850,21 невитребуваних JUP з першої роздачі. Початковий пул 1 млрд не дорівнює остаточно отриманій сумі.",issuer_reported_claims,historical_candidate_current_operation_not_verified,not_independently_verified,Віднімати повернення лише після узгодження пулів; сезонні правила зберігати окремо.,Незалежний підрахунок усіх переказів і фактичних витрат не виконано.,https://discuss.jup.ag/t/archived-grow-the-pie-update-1/21720 | https://discuss.jup.ag/t/jup-community-audit-feb-2025/34764 | https://discuss.jup.ag/t/jupuary-2025-overview-checker/32013
Scroll,2024,2024-10-22,Ethereum,"Snapshot 19.10.2024 00:00 UTC; основний поріг >=200 Marks. Окремо пропорційний пул, рівний Flat Boost і bonus за додаткову активність; Canvas додавав Marks. Claim відкрито 22.10.2024.",Офіційний портал повідомляє про закриття 90-денного claim 20.01.2025. Фінальні суми не наведено.,completed_program_reported,historical_candidate_current_operation_not_verified,not_independently_verified,Не переносити bonus-умови на основну eligibility; відстежувати завершення claim.,Незалежний підрахунок усіх переказів і фактичних витрат не виконано.,https://chain.scroll.io/blog/introducing-scrolls-first-airdrop-a-celebration-of-the-global-community | https://claim.scroll.io/?lang=en-US
Taiko,2024,2024-06-05,Ethereum,"Proposers, provers, bridge/testnet/Galxe users, developers, GitHub contributors та Loopring community; потрібний мінімальний зважений score. ETH для gas на Taiko. Вікно 05.06–05.07.2024.","Офіційно відкрито claim приблизно 50 млн TAIKO; це доступний пул, не підтверджена сума всіх виплат.",live_claim_program,historical_candidate_current_operation_not_verified,not_independently_verified,Когорта або тестнет-дія сама по собі не доводить проходження score.,Незалежний підрахунок усіх переказів і фактичних витрат не виконано.; Точна формула score та фінальні claims.,https://paragraph.com/%40taiko-labs/taiko-airdrop-claim-is-open
Drift,2024,,Solana,"OG v2 активність, Trader Points 22.01–18.04.2024, ранні v1 та keepers із matched volume >=$1000. Бонус розкривався протягом шести годин; великі алокації мали cliff і vesting; Sybil/wash trading штрафувалися.",Звіт 18.11.2025 називає 100 млн DRIFT launch-пулу повністю розподіленими у 2024. Правила травня 2024 описують до 120 млн з бонусом — ці обсяги потребують узгодження.,issuer_reported_distribution,historical_candidate_current_operation_not_verified,not_independently_verified,"Зберігати конфлікт 100/120 млн, базовий пул і bonus окремо; ранній claim міг зменшити винагороду.",Незалежний підрахунок усіх переказів і фактичних витрат не виконано.; Узгодження обсягу bonus та категорій у двох офіційних публікаціях.,https://www.drift.trade/governance/eligibility-criteria | https://www.drift.trade/updates/update-to-drift-tokenomics-november-2025 | https://www.drift.trade/governance/claims-for-the-drift-governance-token-are-now-live
Kamino,2024,,Solana,Сезонні points за використання протоколу; у Season 2 стейкінг KMNO давав додаткові points і boost. Snapshot Season 2 — 31.07.2024 опівночі UTC; заявлена лінійна конвертація points.,Офіційний форум у серпні 2024 повідомив про 750 млн KMNO для понад 250 тис. гаманців у Season 1. Окремі 350 млн Season 2 у тому тексті ще майбутній розподіл.,issuer_reported_distribution,historical_candidate_current_operation_not_verified,not_independently_verified,Результат попереднього сезону й план наступного мають різні статуси.,Незалежний підрахунок усіх переказів і фактичних витрат не виконано.; Повна первинна формула Season 1.,https://gov.kamino.finance/t/kamino-season-2-distribution/23
Ethena,2024,,Ethereum,"Shards накопичували протягом шести тижнів; алокація пропорційна shards. Повний вихід до завершення позбавляв eligibility. Для top-2000 і Pendle YT: 50% ліквідні, 50% за шість місяців; зменшення USDe від snapshot 26.03 скорочувало невідвестовану частину пропорційно. Переміщення між дозволеними позиціями має окремі умови.",Офіційне оновлення Season 2 повідомляє про розподіл 5% supply у квітні 2024. Початковий пул 750 млн ENA не прийнято за незалежно підтверджений final claimed-total. Майбутні 10–15% інших програм не додано до виплаченого.,issuer_reported_distribution,historical_candidate_current_operation_not_verified,not_independently_verified,"Зберігати баланс snapshot, поточний баланс і forfeiture окремо; максимальні ілюстративні доходи не є типовим або гарантованим результатом.","Фінальні суми claims, залишки за фазами та витрати учасників не перераховано.; Поточний стан продукту потребує окремої перевірки.",https://paragraph.com/@ethena-labs/season-2-updates | https://mirror.xyz/0xF99d0E4E3435cc9C9868D1C6274DfaB3e2721341/uCBp9VeuLWs-ul1b6AOUAoMg5HBB_iizMIi-11N6nT8
Spark,2025,,Ethereum; Base; Arbitrum; Optimism; Polygon; Gnosis,"Pre-farm: сума × тривалість qualifying lending/borrowing, 80/20 розподіл між категоріями; лише Ethereum, виключення looping. Ignition — окремі snapshots, активи й мережі: наприклад, >=$1000 певних stablecoin holdings або >$100 одним внеском у SparkLend. Overdrive був окремою фазою.",Офіційна документація підтверджує роздачу та завершення всіх claim-вікон 17.12.2025. Невитребувані pre-farm токени повернено treasury; невитребувані Ignition спрямовували в Overdrive. Точні кінцеві суми не перераховано.,issuer_reported_distribution,historical_candidate_current_operation_not_verified,not_independently_verified,"У одного емітента різні правила залишків і строки. Належність до мережі та конкретний актив перевіряються для кожної гілки, а не кампанії загалом.","Фінальні суми claims, залишки за фазами та витрати учасників не перераховано.; Поточний стан продукту потребує окремої перевірки.",https://docs.spark.finance/airdrop/ | https://docs.spark.finance/airdrop/pre-farm | https://docs.spark.finance/airdrop/ignition
Lido,2021,,Ethereum,"Ранні stETH-учасники; claim прив’язаний до опублікованого списку, індексу й Merkle proof. Статус isClaimed перевіряє, чи винагороду вже забрано. Пропозиції на форумі щодо 0,5% не прирівняно до остаточної схеми.","Офіційний матеріал 05.01.2021 повідомляє про розподіл LDO раннім стейкерам і 0,4% початкового supply; окремий рядок вказує 4 млн LDO airdrop rewards. Це повідомлення емітента, не перерахунок claims.",issuer_reported_distribution,historical_candidate_current_operation_not_verified,not_independently_verified,"Розділяти обговорювану пропозицію, прийняті правила й виконання. Наявність адреси у списку та isClaimed мають різний зміст.","Фінальні транзакції, кількість фактичних одержувачів і витрати не перераховано.; Актуальна працездатність та всі версії правил потребують окремої перевірки.",https://blog.lido.fi/introducing-ldo/ | https://docs.lido.fi/guides/early-staker-airdrop/ | https://research.lido.fi/t/proposal-16-retroactive-airdrop-0-5-ldo-to-early-steth-users/69/18
Convex Finance,2021,,Ethereum,"veCRV на snapshot-блоці 12296676; додаткова частина для тих, хто голосував за whitelist Convex. Документація посилається на tentative allocation list.",Збережено офіційну інструкцію початкового CVX airdrop. Фраза про доступність після запуску не доводить завершення всіх виплат; фінальний підсумок ще невідомий.,allocation_or_rules_only,historical_candidate_current_operation_not_verified,not_independently_verified,"Не змішувати governance-додаток із базовою частиною, а tentative list — з фінальними claims.","Фінальні транзакції, кількість фактичних одержувачів і витрати не перераховано.; Актуальна працездатність та всі версії правил потребують окремої перевірки.",https://docs.convexfinance.com/convexfinance/guides/claiming-your-airdrop | https://docs.convexfinance.com/convexfinance/general-information/understanding-cvx
PoolTogether,2021,,Ethereum,Депозити V1/V2/V3 до 14.01.2021 00:00 UTC; вага залежить від суми й тривалості. Окрема частина за голосування в перших двох snapshot votes ТА депозит на час голосування.,"Початковий документ 17.02.2021 описує 14% для 17 072 адрес та ще 1% governance-когорти. Пізніша supply-документація називає 1,5 млн токенів ранніх користувачів, із яких приблизно 400 тисяч залишались невитребуваними. Не перетворюємо округлену різницю на точний final payout.",issuer_reported_distribution,historical_candidate_current_operation_not_verified,not_independently_verified,"Порівнюючи суми, узгоджувати охоплення категорій і час звіту; eligible-address count не є claim count.","Фінальні транзакції, кількість фактичних одержувачів і витрати не перераховано.; Актуальна працездатність та всі версії правил потребують окремої перевірки.",https://medium.com/pooltogether/introducing-pool-23b09f36db48 | https://docs.pooltogether.com/pooltogether/pool-token/pool-supply
ShapeShift,2021,,Ethereum,"Когорти минулих користувачів, KeepKey та DeFi-спільнот. Початковий claim відкрито 14.07.2021 на 90 днів; далі мінус 10% початкової алокації щодня десять днів. Fairdrop 23.09.2021 мав той самий дедлайн повного розміру 12.10.2021.",Офіційний roadmap повідомляє про airdrop FOX понад мільйону минулих користувачів/членів спільноти. FAQ підтверджує закриття й повернення невитребуваного до DAO. Понад мільйон не прийнято за незалежно перевірене число унікальних claim-гаманців.,issuer_reported_distribution,historical_candidate_current_operation_not_verified,not_independently_verified,"Втрата 10% початкової суми щодня — лінійне зменшення; це не множення поточного залишку на 0,9.","Фінальні транзакції, кількість фактичних одержувачів і витрати не перераховано.; Актуальна працездатність та всі версії правил потребують окремої перевірки.",https://shapeshift.com/genesis-dao-roadmap | https://shapeshift.zendesk.com/hc/en-us/articles/4415257259533-Airdrop-FAQ
Nomic,2022,,Cosmos,"Airdrop I: щонайменше 1,5 ATOM; snapshot block 9150000, 21.01.2022 11:22:43 UTC. Формула (min(liquid,1000)+4*min(staked,1000))/20.299325. Airdrop II: ATOM/OSMO/JUNO/EVMOS/KUJI, snapshot 27.09.2022, делегації поза top-20; максимум 10000 токенів кожної мережі.",Офіційна документація повідомляє про запуск із роздачею 31.01.2022 і виконання другої 24.08.2023. Для кожної зазначено 3500000 NOM; резерв майбутніх роздач не є додатковою доведеною виплатою.,issuer_reported_distribution,historical_candidate_current_operation_not_verified,not_independently_verified,"Відрізняти баланс, стейк і верхню межу за кожною мережею; резерв не додавати до виплат. Отримання staking token не доводить його ліквідність.","Фактичні claims, унікальні одержувачі та витрати не перераховано.; Наявність історичної роздачі не підтверджує поточну роботу мережі.",https://docs.nomic.io/nomic-network | https://app.nomic.io/rewards
Crescent,2022,,Cosmos,"ATOM-делегатори, централізовані біржові валідатори виключені. Обсяг пропорційний квадратному кореню делегованих ATOM; три бонуси 2x за голосування #38 або #58, LP Gravity DEX, використання Gravity DEX. Claim через on-chain завдання протягом 6 місяців; незабране до Community Fund. Зображення з послідовністю завдань не розшифровано.","14.04.2022 емітент оголосив mainnet і доступний claim. DEXdrop 50 млн CRE та майбутній Boostdrop 50 млн — різні частини плану; фактичний підсумок не встановлено. 04.03.2024 офіційно повідомлено, що sunset-пропозицію прийнято 15.02.2024.",live_claim_program,historical_comparison_excluded_current_operating_target,issuer_reported_sunset_vote_2024-02-15,"Історичний запуск не дорівнює поточній роботі. Зберігати закриті проєкти для аналізу результатів, але виключати з підрахунку чинних.","Фактичні claims, унікальні одержувачі та витрати не перераховано.; Наявність історичної роздачі не підтверджує поточну роботу мережі.",https://crescentnetwork.medium.com/crescent-network-now-live-on-mainnet-12122ee3948d | https://crescentnetwork.medium.com/cre-dexdrop-breakdown-472ba6f22f2b | https://crescentnetwork.medium.com/flip-announcement-af24c8ab7e7f
Evmos,2022,,Cosmos,"Snapshot 25.11.2021 19:00 UTC; категорії Cosmos/Ethereum, EVM gasdrop пропорційний gas eligible applications. Чотири дії claim по 25%: governance vote, delegation, cross-chain transfer, EVM dApp interaction. Інструкція 27.04.2022 планувала ввімкнення claim 29.04 о 16:00 UTC.",Пізніша офіційна інструкція називає 100 млн EVMOS і 2 млн eligible recipients; це не 2 млн фактичних claimers. Рання модель 14.01.2022 вказувала 80 млн Rektdrop і окремо 100 млн strategic reserve. Фінальний on-chain підсумок не перерахований.,issuer_reported_distribution,historical_candidate_current_operation_not_verified,not_independently_verified,Зберігати дату й версію токеноміки; однакове число 100 млн може означати різні категорії. Eligible не означає claimed.,"Фактичні claims, унікальні одержувачі та витрати не перераховано.; Наявність історичної роздачі не підтверджує поточну роботу мережі.",https://medium.com/evmos/the-evmos-token-model-edc07014978b | https://medium.com/evmos/claiming-your-evmos-rektdrop-10daead868a8
Comdex,2021,,Cosmos,Офіційні правила ATOM/XPRT: >=1 токена held або staked на 08.10.2021 14:30 UTC; vesting/unbonding і LP виключені; non-custodial wallets. Для ATOM максимальна алокація 1000 CMDX. Емітент виправив помилку eligibility backend; формули у зображеннях не розшифровані. Офіційна claim-інструкція визначає 5 фаз: початкова та 4 наступні кожні 3 місяці.,"Знайдено офіційну інструкцію claim із зарахуванням CMDX у гаманець і 5 фазами unlock. Це підтверджує історичну claim-програму, але не повний обсяг переказів. Вторинний архів повідомляє про другий етап 09.03.2022; точна фактична сума залишається невідомою.",live_claim_program,historical_candidate_current_operation_not_verified,not_independently_verified,Перевіряти сусідні речення: слово received у передстартовому тексті може стосуватися алокації. Помилка eligibility backend не означає зміну правил.,"Фактичні claims, унікальні одержувачі та витрати не перераховано.; Наявність історичної роздачі не підтверджує поточну роботу мережі.",https://blog.comdex.one/comdex-airdrop-campaign-d6b518826e6a | https://airdrops.one/comdex/ | https://blog.comdex.one/how-to-claim-your-cmdx-airdrop-47873917e10
BitSong,2022,2022-01-01,Cosmos,"Прямий IBC-розподіл стейкерам: ATOM block 8730500, min 5/max 5000; OSMO block 2424500, min 20/max 12500; JUNO block 1082300, min 10/max 6250. Для Cosmos є списки виключених валідаторів і делегаторів; для двох інших мереж у статті виключень немає.","Офіційний підсумок 12.01.2022: роздачу завершено 01.01.2022, 10 млн BTSG на 120864 адреси. Це сума мережевих адрес (96824+17381+6659), не доведена кількість унікальних людей. Оголошення 29.12.2021 не є датою завершення.",issuer_reported_distribution,historical_candidate_current_operation_not_verified,not_independently_verified,Розрізняти мережеві адреси й осіб; IBC denom залежить від маршруту. Не трактувати міжмережеву появу токенів як новий reward.,Фактичні перекази та витрати незалежно не відтворено.; Поточна робота продукту й повнота всіх версій правил потребують перевірки.,https://bitsongofficial.medium.com/btsg-airdrop-is-here-f321e32966d6 | https://bitsongofficial.medium.com/btsg-airdrop-a-few-tips-to-get-the-most-from-your-tokens-1731a9d12587
Desmos,2022,,Cosmos,"11 мереж; потрібні відповідні історичні стейкінг-позиції, профіль Desmos і прив’язка eligible accounts. Розмір залежав від валідаторів, комісій та snapshot; CEX/0%-commission делегації могли дати нуль. FAQ встановлює кінець claim 25.02.2022.","Офіційний огляд 2022 року: роздача почалася в листопаді 2021 та завершилась у лютому 2022; понад 43000 recipients, понад 29000 profiles, понад 6,3 млн DSM claimed. Три показники мають різні одиниці; початкова алокація 21 млн не є виплаченою сумою.",issuer_reported_claims,historical_candidate_current_operation_not_verified,not_independently_verified,"Не прирівнювати recipients, profiles та wallets. Зберігати оператор понад; історичний опис імпорту ключів не переносити в автоматичні дії агента.",Фактичні перекази та витрати незалежно не відтворено.; Поточна робота продукту й повнота всіх версій правил потребують перевірки.,https://medium.com/desmosnetwork/announcing-dsm-airdrop-to-the-interchain-community-39d9837dcc5c | https://medium.com/desmosnetwork/desmos-airdrop-faqs-d5107dd34f17 | https://medium.com/desmosnetwork/2022-desmos-yearly-review-57131ebcd1dc
cheqd,2022,,Cosmos,"Mission Two: snapshot 10.03.2022; окремі нагороди за >=10 ATOM, >=20 OSMO, >=20 JUNO, сума stake по всіх валідаторах. Другий етап: >=100 CHEQ stake; окремі винагороди за >=250 CHEQ плюс еквівалент OSMO у pool 602 та >=250 CHEQ плюс ATOM у pool 617. Максимум потребував усіх трьох дій.",Офіційна сторінка позначає кампанію успішно завершеною; ретроспектива описує виправлення staking/LP snapshots та дубльованих адрес. Зростання accounts приблизно до 74000 не означає стільки ж одержувачів reward. Сума фактичних виплат не встановлена.,completed_program_reported,historical_candidate_current_operation_not_verified,not_independently_verified,Відокремлювати незалежні бонусні гілки від обов’язкових умов. Ретроспективи технічних помилок потрібні нарівні з початковими правилами.,Фактичні перекази та витрати незалежно не відтворено.; Поточна робота продукту й повнота всіх версій правил потребують перевірки.,https://cheqd.io/blog/cosmos-community-mission-2/ | https://cheqd.io/blog/what-we-learned-from-the-cheq-community/ | https://github.com/cheqd/airdrop-ui
Sei,2024,,Cosmos; Sei,"Airdrop #2: staking, liquid staking, NFT-когорти з різними snapshots травня 2024. Виключали stake >2 млн SEI, liquid stake >2 млн та >150 NFT визначених колекцій; команда/фонд виключені.","Офіційний підсумок, оновлений 09.09.2025: розподілено 34 435 600 SEI між 44 445 унікальними адресами; кампанія закрита.",issuer_reported_distribution,historical_candidate_current_operation_not_verified,not_independently_verified,Верхня межа може виключати учасника; брати оновлений підсумок замість раннього анонсу.,Незалежний підрахунок усіх переказів і фактичних витрат не виконано.; Таблиця балів у зображенні ще не розібрана.,https://blog.sei.io/the-sei-community-airdrop/
Across,2022,,Ethereum,"Ранні користувачі, LP і спільнота; Bridge Traveler — whitelist історичних користувачів інших мостів із додатковою дією до 08.11.2022. Пул Traveler подвоювався, якщо кваліфікувалися >=30% whitelist.","Офіційна стаття оновлена: claim завершений, усі невитребувані ACX повернуто до treasury. Точні user claims не наведені.",completed_program_reported,historical_candidate_current_operation_not_verified,not_independently_verified,Колективний поріг участі може змінювати розмір пулу; whitelist ще не виконана умова.,Незалежний підрахунок усіх переказів і фактичних витрат не виконано.,https://across.to/blog/ACX-Airdrop-What-You-Need-to-Know
Hop Protocol,2022,,Ethereum; Polygon; Arbitrum; Optimism,Офіційний репозиторій формує розподіл для bridge users і LP після Sybil-фільтрації; для LP враховували суму і час. Публічні Sybil-звіти мали охоплювати щонайменше 10 ще eligible адрес.,"Опубліковано finalDistribution CSV/JSON та алгоритм; це алокації, не підтверджені виконані claims.",allocation_or_rules_only,historical_candidate_current_operation_not_verified,not_independently_verified,Код відбору та транзакційне виконання розділяти; LP і bridge-когорти мають різні фільтри. Опублікований allocation list не доводить виконання claims; сирі суми залишати у base units до перевірки decimals.,Незалежний підрахунок усіх переказів і фактичних витрат не виконано.; Повна первинна формула користувацьких порогів та підсумок виплат.,https://github.com/hop-protocol/hop-airdrop
Gitcoin,2021,,Ethereum,"Історична участь у grants, hackathons, bounties або KERNEL до 01.04.2021; GTC запущено 25.05.2021.",Офіційний річний звіт підтверджує ретроактивну роздачу разом із запуском DAO; детальна сума claims тут не перевірена.,issuer_reported_distribution,historical_candidate_current_operation_not_verified,not_independently_verified,Навчати розпізнавання внесків у public goods і developer-активності.,Незалежний підрахунок усіх переказів і фактичних витрат не виконано.,https://gov.gitcoin.co/t/how-to-claim-airdrop/2552 | https://gitcoin.co/blog/gitcoin-2021-year-in-review
CoW Protocol,2022,,Ethereum; Gnosis,"Історичні користувачі та учасники CoWmunity; airdrop 10% supply і окрема інвестиційна опція 10%. Спершу vCOW, конвертація у COW 1:1.","CIP-5 повідомляє про виконання рішення щодо конвертації 31.03.2022 після завершення claim. Це доказ виконаного етапу, не повний облік всіх отримувачів.",completed_program_reported,historical_candidate_current_operation_not_verified,not_independently_verified,"Окремо позначати airdrop, опцію покупки, vesting та transferability.",Незалежний підрахунок усіх переказів і фактичних витрат не виконано.; Повний snapshot та критерії кожної когорти.,https://docs.cow.fi/governance/token | https://forum.cow.fi/t/cip-5-enable-swapping-of-vcow-to-cow/91?page=3
ether.fi,2024,2024-03-18,Ethereum,"Season 1: early adopters, ether.fan, solo staking, eETH/weETH, підтримувані DeFi-позиції, badges, referrals. Snapshot 15.03.2024 00:01 UTC; початковий анонс давав 90 днів claim, великі гаманці — тримісячний vesting.","Офіційний анонс описує пул 6% supply, відкриття 18.03 і перенесення невитребуваного до Season 2. Остаточний змінений пул та виплати ще не узгоджені.",allocation_or_rules_only,historical_candidate_current_operation_not_verified,not_independently_verified,Зберігати версію правил і дату; не прирівнювати анонсовані 6% до фінальних виплат.,Незалежний підрахунок усіх переказів і фактичних витрат не виконано.; Пізніші зміни allocation та final claim.,https://etherfi.medium.com/announcing-ethfi-the-ether-fi-governance-token-8cae7327763a
DeepBook,2024,,Sui,DBClaimNFT — непередаваний NFT із визначеною кількістю DEEP; його роздали 28.03.2024. Перед запуском v3 команда описала 101 968 власників із правом обміняти NFT на DEEP.,"Підтверджено механіку NFT-права й запуск продукту/токена. 101 968 — власники права, а не незалежно перевірена кількість claims DEEP.",live_claim_program,historical_candidate_current_operation_not_verified,not_independently_verified,NFT-посвідчення майбутньої винагороди не дорівнює отриманому fungible-токену.,Незалежний підрахунок усіх переказів і фактичних витрат не виконано.; Повний відбір NFT-одержувачів та фінальні погашення.,https://www.sui.io/blog/deepbook-deep-token-launch | https://www.sui.io/blog/deepbook-version3-deep-token | https://www.sui.io/blog/deep-token-deepbook-governance
Mode,2024,,Ethereum; Optimism,"Season 1 закінчився 05.05.2024; claim від 07.05 на 30 днів. Top-2000 за points: 50% одразу, 50% після 90 днів із пропорційною вимогою утримувати активи в екосистемі.",Документація позначає Season 1/2 завершеними; невитребуване і forfeited-пули мали фінансувати подальші винагороди. Точний payout не перевірений.,completed_program_reported,historical_candidate_current_operation_not_verified,not_independently_verified,"Vesting може залежати від подальшої дії. 45/90 днів дає половину другої частини, не половину всього airdrop.",Незалежний підрахунок усіх переказів і фактичних витрат не виконано.; Числовий minimum points та узгоджені остаточні строки Season 2.,https://docs.mode.network/usdmode/quick-start | https://docs.mode.network/usdmode/quick-start-1
Linea,2025,2025-09-10,Ethereum,Офіційні tokenomics називають LXP та onchain-метрики справжнього використання; стратегічні builders мають окремий пул. Відкриття роздачі 10.09.2025.,"Річний звіт за 2025 повідомляє про понад 92% eligible-гаманців, які отримали airdrop, та згадує 750 тис. гаманців спільноти. Точний знаменник і кількість claims не виведені множенням.",issuer_reported_claims,historical_candidate_current_operation_not_verified,not_independently_verified,Не приймати форумні пропозиції за фінальні правила; точність rounded-метрик обмежена.,Незалежний підрахунок усіх переказів і фактичних витрат не виконано.; Повний остаточний поріг eligibility й абсолютні claims.,https://linea.build/blog/linea-tokenomics | https://linea.build/blog/linea-the-token-to-power-ethereums-second-decade | https://linea.build/blog/2025-launched-a-new-era-for-linea-and-l2s
Zora,2025,2025-04-23,Ethereum; Base,"Когорти creators, collectors, developers; історичні coining, minting, trading, referrals у двох snapshots. Алокації сформовані для 2 415 024 адрес.",Офіційний help center описує 1 млрд ZORA як allocated; FAQ датує retroactive airdrop 23.04.2025. Це не доказ отримання всіма eligible-адресами.,live_claim_program,historical_candidate_current_operation_not_verified,not_independently_verified,"Відрізняти дату TGE, snapshot і дату роздачі; eligible count не записувати в recipients.",Незалежний підрахунок усіх переказів і фактичних витрат не виконано.; Точні кінцеві claims і фінальні строки.,https://support.zora.co/en/articles/5653441 | https://claim.zora.co/faq
Blast,2024,,Ethereum,"Phase 1: points за bridged ETH/USDB, Gold через dApps; для top-0,1% часткове шестимісячне розблокування залежало від щомісячних points. Окремий пул Blur Foundation.","Офіційний звіт Q2 описує 17 млрд BLAST для Phase 1: 7 млрд points, 7 млрд Gold, 3 млрд Blur Foundation. Післязапусковий текст підтверджує дію умов vesting; повний user payout не відтворений.",live_claim_program,historical_candidate_current_operation_not_verified,not_independently_verified,Gold та Points — різні показники; сума treasury/intermediary allocation не дорівнює виплатам кінцевим користувачам.,Незалежний підрахунок усіх переказів і фактичних витрат не виконано.,https://assets.blast.io/en/q2-2024.pdf | https://blog.blast.io/phase-2-users/
Hyperliquid,2024,,Hyperliquid,"Перші points: 01.11.2023–01.05.2024, щотижня; referrals давали 1 point за 4 points запрошених. Далі окрема L1-фаза травень–листопад 2024 з іншою емісією points.","Подання емітента інвестиційного продукту до SEC описує genesis-розподіл близько 310 млн HYPE. Це стороннє подання, не перевірка SEC та не наш аудит переказів.",published_distribution_analysis,historical_candidate_current_operation_not_verified,not_independently_verified,Points не мають універсального сталого курсу конвертації; фази й умови зберігати окремо.,Незалежний підрахунок усіх переказів і фактичних витрат не виконано.; Офіційний підсумковий genesis dataset та точний фактичний обсяг.,https://hyperliquid.gitbook.io/hyperliquid-docs/points | https://www.sec.gov/Archives/edgar/data/2090011/000121390026016539/ea0276878-s1a1_21shares.htm
LayerZero,2024,2024-06-20,Ethereum; Arbitrum; Optimism; Base; Polygon; BNB; Avalanche,"Core: protocol fees, 25–5000 ZRO; малі <$1 і малоцінні NFT-транзакції зменшували вагу на 80%. RFP — окремий пул. Claim 20.06–20.09.2024: обов’язковий внесок $0,10 за ZRO плюс gas.",Офіційно відкрито claim 85 млн ZRO. Повний остаточний обсяг отриманого й перерозподіленого ще не відтворений.,live_claim_program,historical_candidate_current_operation_not_verified,not_independently_verified,Відокремлювати gas і обов’язковий внесок; не змішувати Core/RFP пороги.,Незалежний підрахунок усіх переказів і фактичних витрат не виконано.,https://info.layerzero.foundation/introducing-zro-d39df554a9b7 | https://info.layerzero.foundation/zro-claim-6e37a81e9c2a
Renzo,2024,2024-04-30,Ethereum,"Snapshot 26.04.2024; minimum 360 ezPoints. >500 000 points: 50% одразу, 50% лінійно за три місяці; інші повністю unlocked. Claim тривав місяць.","Офіційна документація описує 700 млн REZ, розподілених 30.04.2024 за ezPoints; невитребуване перенесли у Season 2. Остаточний отриманий обсяг окремо не вказаний.",issuer_reported_distribution,historical_candidate_current_operation_not_verified,not_independently_verified,Snapshot-баланс points не тотожний поточному ezETH; строго >500k відрізняється від >=500k.,Незалежний підрахунок усіх переказів і фактичних витрат не виконано.,https://docs.renzoprotocol.com/docs/status-campaigns/renzo-ezpoints-closed/season-1
SPACE ID,2023,,BNB; Arbitrum,"Voyage Season 2: Calling і Striking; конвертація 1,8 points за ID. Boost для індивідуальних registrants залежав від домену, cluster <=5 domains і початкових points <40. Claim 29.06–29.07.2023.",Офіційний підсумок сезону визначає 22 482 583 ID allocation і близько 530 тис. eligible адрес; це не фінальні claims.,live_claim_program,historical_candidate_current_operation_not_verified,not_independently_verified,Курс points/token й кластерні обмеження повинні бути структурованими; сезон закінчився раніше за claim.,Незалежний підрахунок усіх переказів і фактичних витрат не виконано.,https://blog.space.id/the-end-of-space-id-voyage-season-2-airdrop-summary-afae7efe983f
Berachain,2025,,Berachain; Ethereum; Arbitrum,"Окремі когорти Artio/bArtio testnet, RFB, social, NFTs, Boyco, BNB holders. Boyco враховував TVL, ринок і 30/90-денний строк; Bong Bears вимагав bridge NFT.","Офіційний огляд визначає 15,75% allocation та різні механізми отримання. Загальний фінальний user payout ще не перевірено.",allocation_or_rules_only,historical_candidate_current_operation_not_verified,not_independently_verified,Не переносити обов’язковий капітал Boyco на безкапітальну testnet-когорту; частки екосистеми не створюють окремі проєкти.,Незалежний підрахунок усіх переказів і фактичних витрат не виконано.,https://blog.berachain.com/blog/berachain-airdrop-overview | https://airdrop.berachain.com/
Babylon,2025,,Bitcoin; Cosmos; Polygon,"BTC Phase 1 stakers, Pioneer Pass, GitHub contributors; реєстрація до 25.03.2025. Bonus Phase 2: перехід, реєстрація до 15.06 і >=100 днів stake; допустиме одне redelegation із поверненням за 10 днів.","Офіційно описано 600 млн BABY allocation; базові категорії — автоматичний переказ зареєстрованим, bonus через шість місяців. Виконання всіх траншів ще не підтверджено.",allocation_or_rules_only,historical_candidate_current_operation_not_verified,not_independently_verified,Реєстрація та підпис умов потрібні навіть без claim-транзакції; майбутній bonus не зараховувати як вже отриманий.,Незалежний підрахунок усіх переказів і фактичних витрат не виконано.,https://babylon.foundation/blogs/babylon-early-adopters-airdrop
Sanctum,2024,2024-07-18,Solana,Capital: реєстрація Wonderland та понад 266 тисяч EXP; Earnestness — окремий перегляд внесків. 108 185 eligible profiles не означають стільки ж людей. Бонус за очікування: до 14 днів для Capital і 180 для Earnestness; ранній claim втрачає решту бонусу.,"Звіт 24.06.2025 окремо фіксує 88 042 001 CLOUD початкового airdrop. Продаж LFG, комісія LFG і No Cloud Left Behind мають окремі рядки; їх не додано до airdrop.",issuer_reported_distribution,historical_candidate_current_operation_not_verified,not_independently_verified,"Класифікувати кожен рух токенів: винагорода, продаж, позика, оплата послуг; не змішувати профілі з адресами.",Незалежний перерахунок переказів і фінальних одержувачів не виконано.; Витрати учасників і поточну працездатність продукту окремо не перевірено.,https://sanctum.so/blog/cloud-airdrop-details-capital-earnestness-and-claim-guide | https://sanctum.so/blog/cloud-audit
Flare,2026,2026-01-30,Flare,Щомісячні FlareDrops за WFLR і придатним стейкінгом: середній баланс за трьома випадковими блоками періоду утримання. Claim протягом 67 днів; невитребувана частина спалюється.,"Офіційна сторінка підтверджує завершення 36-місячної програми 30.01.2026. 24,2 млрд FLR — округлений обсяг програми, а не незалежно перевірена сума фактичних claims. Рік досьє означає останню подію програми 2023–2026.",completed_program_reported,historical_candidate_current_operation_not_verified,not_independently_verified,"36 щомісячних випусків — один емітент. Відокремлювати завершені FlareDrops від стейкінгових винагород, що тривають.",Незалежний перерахунок переказів і фінальних одержувачів не виконано.; Витрати учасників і поточну працездатність продукту окремо не перевірено.,https://flare.network/flaredrops | https://flare.network/news/flaredrop-guide
Grass,2024,2024-10-28,Solana,"Розподіл за points і дев’ятьма рівнями, окремо GigaBuds та Desktop/Saga. Прив’язка гаманця до 14.10.2024 20:00 UTC. Документ містить неоднозначність >500 проти 500+ points; точний оператор потребує додаткового доказу.","Документація позначає продовжене вікно claim завершеним на блоці 329341917, приблизно 27.03.2025. Початкові 100 млн GRASS — алокація; фінальні claims не перераховано.",completed_program_reported,historical_candidate_current_operation_not_verified,not_independently_verified,Не нормалізувати суперечливі оператори порога мовчки. Фіксувати час прив’язки гаманця та завершення claim окремо.,Незалежний перерахунок переказів і фінальних одержувачів не виконано.; Витрати учасників і поточну працездатність продукту окремо не перевірено.,https://grass-foundation.gitbook.io/grass-docs/introduction/grass-airdrop-one
Pangolin,2021,,Avalanche,Історичні UNI/SUSHI-власники отримували право на claim в Avalanche з відповідною Ethereum-адресою. Нелінійні ваги UNI і SUSHI; обмежене початкове вікно. Точне трактування дати holdings потребує перевірки.,"Офіційна tokenomics-документація позначає claimed airdrop як 3,3% у новій структурі. Початкові 5% належать старій моделі supply; множити округлену частку на supply для точного payout некоректно.",issuer_reported_claims,historical_candidate_current_operation_not_verified,not_independently_verified,Зберігати версію tokenomics і знаменник кожного відсотка.,Незалежний перерахунок переказів і фінальних одержувачів не виконано.; Витрати учасників і поточну працездатність продукту окремо не перевірено.,https://docs.pangolin.exchange/pangolin-overview/tokens-and-governance/png-tokenomics-and-metrics
Ribbon Finance,2021,2021-05-25,Ethereum,Theta vault: депозит щонайменше $100 до 22.05.2021 00:00 UTC. Окремі групи користувачів опціонів та Discord; базова частина й бонус за депозит мають різні правила.,Документація підтверджує ретроактивну роздачу 25.05.2021. 30 млн RBN — опублікована алокація; фінальну суму отримання не перераховано. Повернення токенів після зловживання є окремою подією.,issuer_reported_distribution,historical_candidate_current_operation_not_verified,not_independently_verified,"Ребрендинг і перехід до Aevo потребують об’єднання історії емітента, а не автоматичного другого підрахунку.",Незалежний перерахунок переказів і фінальних одержувачів не виконано.; Витрати учасників і поточну працездатність продукту окремо не перевірено.,https://www.research.ribbon.finance/blog/rbn-airdrop-distribution | https://docs.ribbon.finance/ribbonomics/overview-and-rbn-tokenomics
Sonic Labs,2025,,Sonic,Користувацькі Points та dApp Gems — різні категорії. Сезони завершили накопичення; винагороди мають окремі вікна claim і умовне розблокування.,"Звіт 02.04.2026 вказував близько 32,69 млн S невитребуваних токенів на ту дату. Фінальний дедлайн 15.10.2026 ще майбутній відносно зрізу 29.09.2026; майбутнє спалення не зараховано як виконане.",live_claim_program,historical_candidate_current_operation_not_verified,not_independently_verified,"Відокремлювати кінець накопичення, vesting, фінальний claim і фактичний burn. Не змішувати Sonic Labs із Sonic SVM.",Незалежний перерахунок переказів і фінальних одержувачів не виконано.; Витрати учасників і поточну працездатність продукту окремо не перевірено.,https://docs.soniclabs.com/funding/sonic-airdrop | https://www.soniclabs.com/blog/sonic-airdrop-burn-and-final-claim-deadline/
Aethir,2024,,Ethereum; DePIN,"Cloud Drop: квести та badges; окремі категорії Checker Node holders і Aethir OGs. Власність на node, виконання соціальних завдань та робота інфраструктури є різними підставами винагород.","Підсумок 2024 року повідомляє про 630 млн ATH, розподілених у Season 1, та mainnet 12.06.2024. План трьох сезонів не є доказом виплати всіх сезонів.",issuer_reported_distribution,historical_candidate_current_operation_not_verified,not_independently_verified,"Зберігати airdrop, винагороди операторів і продаж node окремо. Підтвердження першого сезону не поширюється на наступні.",Незалежний перерахунок переказів і фінальних одержувачів не виконано.; Витрати учасників і поточну працездатність продукту окремо не перевірено.,https://ecosystem.aethir.com/blog-posts/aethir-cloud-drop-is-here-dont-miss-out | https://tc-site-ecosystem.aethir.com/blog-posts/aethirs-decentralized-gpu-cloud-milestones-our-2024-wrap-up
Shardeum,2025,,Shardeum,"EVM Quest проходив 23–28.10.2025. Відібрано 1300 учасників за критеріями квесту та anti-Sybil screening. Перевірка Biomapper: 02–14.12.2025; далі окремі backend checks. Початок виплат анонсовано на 17.12.2025. Gas близько $0,50 на дату оголошення обіцяли відшкодувати придатним гаманцям при виплаті.","У звіті за грудень 2025 проєкт повідомляє про розподіл до 100 млн SHM через обидві програми. Це верхня межа у формулюванні емітента, а не точна сума claims і не сума початкового TGE-airdrop.",issuer_reported_distribution,historical_candidate_current_operation_not_verified,not_independently_verified,"Зберігати «до» як верхню межу, розрізняти дату звіту 2026 та кампанії 2025; перевірку після активності робити окремим етапом.","Незалежний перерахунок переказів і фінальних одержувачів не виконано.; Витрати учасників і поточну працездатність продукту окремо не перевірено.; Фактичне відшкодування gas та індивідуальні платежі не перераховано; 1300 — shortlist, не число отримувачів.",https://shardeum.org/blog/evm-testnet-shm-airdrop-verification/ | https://shardeum.org/blog/shardeum-monthly-marketing-report-decemeber-2025/
ParaSwap,2021,,Ethereum; Polygon; BNB Chain; Avalanche,"Snapshot 08.10.2021. Враховано тривалість і регулярність використання, а не лише обсяг; відкинуто wrap/unwrap та підозрілі операції. Перевірка історії гаманця використовувала OR між транзакційністю та балансом; окремо вимагалося щонайменше шість використань за шість місяців. Адреси інтеграцій визначали спеціально: relayer або txOrigin не завжди є користувачем.","Емітент описує початковий пул 150 млн PSP та близько 19–20 тисяч придатних адрес. У статті є твердження про отримання токенів користувачами, але точну фінальну суму claims тут не перераховано.",issuer_reported_distribution,historical_candidate_current_operation_not_verified,not_independently_verified,Зберігати послідовність фільтрів і походження адрес; досягнення одного порога не означає проходження всього відбору. Опублікований allocation list не доводить виконання claims; сирі суми залишати у base units до перевірки decimals.,Потрібно відтворити опублікований список адрес і фактичні claims.; ParaSwap/Velora — історія одного продукту; ребрендинг не рахувати автоматично другим проєктом.,https://medium.com/paraswap/whats-an-active-user-clarifying-psp-token-distribution-filtering-logic-81df6096d410
AltLayer,2024,,Ethereum; Celestia; EigenLayer,"Season 1 охоплює NFT-власників, Altitude, EigenLayer і Celestia. Для Altitude потрібна додаткова mainnet Ethereum-транзакція у визначеному історичному діапазоні та проходження anti-Sybil. Treasury NFT виключені. TIA-стейкерам обіцяно окреме пізніше вікно claim; загальний строк не можна механічно переносити на них.","Стаття 23.01.2024 резервує 300 млн ALT; загальне вікно анонсовано 25.01–25.02.2024 із поверненням невитребуваного до treasury. Це опис алокації та правил, а не доказ фінальних виплат.",allocation_or_rules_only,historical_candidate_current_operation_not_verified,not_independently_verified,Розділяти правила за когортою. Частина таблиць представлена зображеннями; текстове читання не доводить повного вилучення умов.,"Фактичні виплати та фінальні залишки ще не перевірені.; Потрібно прочитати таблиці-зображення, уточнити TIA-вікно та окремо підтвердити історичну роботу продукту.",https://blog.altlayer.io/altlayer-airdrop-season-one-9148f6114c0b
Safe,2023,,Ethereum,"Початкові правила 2022: Safe створений до 09.02.2022; принаймні дві дії АБО 10 ETH, накопичених за днями зберігання. Це ETH-days, не просто баланс 10 ETH. SEP #5 — окремий перерозподіл для попередніх одержувачів.","Офіційний звіт на 28.09.2023 підтверджує redemption 37,47% токенів та 39,91% гаманців SEP #5. Це різні знаменники й проміжний зріз, а не фінальний підсумок початкової кампанії.",issuer_reported_claims,historical_candidate_current_operation_not_verified,not_independently_verified,"Розрізняти баланс і баланс-час, а також відсоток токенів і відсоток адрес.",Фінальні claims і точна кількість одержувачів не відтворені.; Початкова пропозиція потребує зіставлення з остаточною реалізацією.,https://forum.gnosis-safe.io/t/proposal-safe-distribution-for-users/369 | https://safefoundation.org/blog/safe-community-update-september-2023 | https://forum.safefoundation.org/t/sep-5-redistributing-unredeemed-tokens-from-user-airdrop-allocation/2172/310
LooksRare,2022,,Ethereum,OpenSea-обсяг >=3 ETH за блоки 12642194–13812868 (16.06–16.12.2021) ТА успішний listing ERC-721/1155 на LooksRare. Polygon-обсяг виключений. Дев’ять ненульових рівнів; суми інших валют переведено в ETH за курсом часу угоди.,"Початкова документація описує 120 млн LOOKS, доступних для claim, і повернення залишку treasury. Точний кінцевий дедлайн залишено TBD у тексті; фінальні виплати незалежно не перевірено.",live_claim_program,historical_candidate_current_operation_not_verified,not_independently_verified,Обсяг історичної активності та дія після запуску — дві обов’язкові умови. Не переносити дату оновлення документа 2024 на дату airdrop.,Фінальні claims і фактичний дедлайн.; Первинне підтвердження календарної дати запуску 2022.,https://docs.looksrare.org/guides/faqs/what-is-the-looks-airdrop
Aerodrome,2023,,Base,"Початковий airdrop veAERO: мінімум 1000 veVELO; пропорційно V2-балансу, зі спеціальними виключеннями початкових team/partner grants і агрегаторів. Це заблоковані veNFT, а не ліквідні AERO. Flight School — окрема програма бонусів за нові locks.","Документація підтверджує запуск 28.08.2023 і повідомляє про понад $450 млн сукупного revenue, розподіленого token operators станом на квітень 2026. Це багаторічні винагороди, не сума початкового airdrop; незалежний перерахунок відсутній.",issuer_reported_distribution,historical_candidate_current_operation_not_verified,not_independently_verified,"Не змішувати заблоковану алокацію, ліквідні токени та revenue за кілька років.",Фінальний список початкової роздачі та виплати треба перерахувати.; Оголошене об’єднання з Velodrome потребує перевірки перед подальшим підрахунком емітентів.,https://medium.com/@aerodromefi/aerodrome-launch-tokenomics-30b546654a91 | https://aerodrome.finance/docs
Bonk,2022,,Solana,"Історична роздача охоплювала користувачів, розробників і творців Solana. Ретроспектива описує community allocation 50%; повного алгоритму snapshot і ваг у цьому тексті немає.","Офіційний ретроспективний матеріал 2023 підтверджує запуск через community airdrop після кризи 2022. Частка 50% є описом структури, а не перевіреною сумою індивідуальних переказів.",issuer_reported_distribution,historical_candidate_current_operation_not_verified,not_independently_verified,"Ретроспективна розповідь підтверджує історію події, але не відновлює повний алгоритм відбору.",Точна дата й повний початковий recipient dataset.; Ваги категорій та фактичні суми не перераховані.,https://medium.com/@bonk_inu/bonk-origin-overview-mission-1c94ed22d755
Ampleforth,2021,,Ethereum,FORTH: on-chain взаємодія AMPL дає максимум один бал; кожний день Geyser та утримання під час negative rebase додає бали без такого cap. Біржові гаманці виключені. Дедлайн claim 16.04.2022.,Документ 21.04.2021 підтверджує доступний claim FORTH. 15 млн — весь genesis mint; 67% community включає окрему освітню частину. Понад 75 тисяч eligible users не означає стільки ж claims.,live_claim_program,historical_candidate_current_operation_not_verified,not_independently_verified,Один продукт може мати AMPL і FORTH: токени не є двома окремими проєктами. Рахувати capped і daily points окремо.,Фінальні claims та reclaim DAO не перевірені.; Потрібен snapshot і точна формула перетворення балів на FORTH.,https://blog.ampleforth.org/ampl-forth-realizing-the-full-ecosystem-e2d88ca01691
Blur,2023,,Ethereum,"Початкові Care Packages залежали від історичної NFT-активності та listing після запуску; royalties впливали на заохочення. Tokenomics 2023 виділяє трейдерів, власників Care Packages і creators. Умови ранніх Care Packages та фінального token claim слід версіонувати окремо.","Офіційна tokenomics описує 360 млн BLUR, доступних для claim. Це алокація; повний claimed-total тут не підтверджено. Ранній план запуску в січні не прирівнюється до фактичного запуску токена в лютому.",live_claim_program,historical_candidate_current_operation_not_verified,not_independently_verified,"Care Package — право на майбутню винагороду, не вже отриманий ліквідний токен.",Фінальний підрахунок токенів і адрес.; Повне зіставлення правил усіх фаз.,https://mirror.xyz/blurdao.eth/2nba-2j0zHPrBX0iPSNGquZ9s_WotNH6B4e5usz85mM | https://docs.blur.foundation/tokenomics
